run_timestamp,config_hash,sources_hash,templates_hash,mappings_hash,params_hash,selector
1733254785.378808,236af12cf127c584e05fafdbf0ee9771,d8c80c7b53ac0b32dac8b0bea245ea9b,0b888bcfbd361ccf8b7b34ffcdfeb967,,01783d873fd4828199309acc22994362,*
1733257467.9906774,236af12cf127c584e05fafdbf0ee9771,d8c80c7b53ac0b32dac8b0bea245ea9b,1937a80ba2ed761477bf6ba90e82c12b,,01783d873fd4828199309acc22994362,*
1733258233.7238886,236af12cf127c584e05fafdbf0ee9771,d8c80c7b53ac0b32dac8b0bea245ea9b,d1d3508b48d79d0d47114679a6ed9bb0,,01783d873fd4828199309acc22994362,*
1733258767.74366,236af12cf127c584e05fafdbf0ee9771,d8c80c7b53ac0b32dac8b0bea245ea9b,f33f3d3d1ee899cd1350ba5b0c32602d,,01783d873fd4828199309acc22994362,*
1733334256.0849385,236af12cf127c584e05fafdbf0ee9771,d8c80c7b53ac0b32dac8b0bea245ea9b,0407861bde7d0bd7ff9826ba323adc75,,01783d873fd4828199309acc22994362,*
1733334624.451611,236af12cf127c584e05fafdbf0ee9771,d8c80c7b53ac0b32dac8b0bea245ea9b,b97314b4e584698e4b1e8c322a66f66d,,01783d873fd4828199309acc22994362,*
1733339988.8453722,236af12cf127c584e05fafdbf0ee9771,d8c80c7b53ac0b32dac8b0bea245ea9b,c5efcb487a61d99cf4c47e3c9331e931,,01783d873fd4828199309acc22994362,*
1733340599.2359793,236af12cf127c584e05fafdbf0ee9771,d8c80c7b53ac0b32dac8b0bea245ea9b,ce67737616b25e4ff269303b53ab9b12,,01783d873fd4828199309acc22994362,*
1733341338.5950525,236af12cf127c584e05fafdbf0ee9771,d8c80c7b53ac0b32dac8b0bea245ea9b,462a3d9acdc66333335fe5959682ff3d,,01783d873fd4828199309acc22994362,*
1733342384.535472,236af12cf127c584e05fafdbf0ee9771,6067856b6143972b9a433a1f6c461a74,462a3d9acdc66333335fe5959682ff3d,,01783d873fd4828199309acc22994362,*
1733344333.5567951,236af12cf127c584e05fafdbf0ee9771,6067856b6143972b9a433a1f6c461a74,0e1d09e8da57eadfb9b7333e1f5b1a74,,01783d873fd4828199309acc22994362,*
1733344642.0764897,236af12cf127c584e05fafdbf0ee9771,6067856b6143972b9a433a1f6c461a74,7b37ca6f7023ec43ffb7c90a689f1017,,01783d873fd4828199309acc22994362,*
