SchoolYear,/ed-fi/schools/educationOrganizationCategories[0].educationOrganizationCategoryDescriptor,/ed-fi/schools/educationOrganizationCategories[1].educationOrganizationCategoryDescriptor,/ed-fi/schools/educationOrganizationCategories[2].educationOrganizationCategoryDescriptor,/ed-fi/schools/educationOrganizationCategories[3].educationOrganizationCategoryDescriptor,/ed-fi/schools/educationOrganizationCategories[n].educationOrganizationCategoryDescriptor,/ed-fi/schools/gradeLevels[0].gradeLevelDescriptor,/ed-fi/schools/gradeLevels[1].gradeLevelDescriptor,/ed-fi/schools/gradeLevels[2].gradeLevelDescriptor,/ed-fi/schools/gradeLevels[3].gradeLevelDescriptor,/ed-fi/schools/gradeLevels[4].gradeLevelDescriptor,/ed-fi/schools/gradeLevels[5].gradeLevelDescriptor,/ed-fi/schools/gradeLevels[6].gradeLevelDescriptor,/ed-fi/schools/gradeLevels[7].gradeLevelDescriptor,/ed-fi/schools/gradeLevels[8].gradeLevelDescriptor,/ed-fi/schools/schoolId,/ed-fi/schools/charterApprovalSchoolYearTypeReference.schoolYear,/ed-fi/schools/localEducationAgencyReference.localEducationAgencyId,/ed-fi/schools/addresses[0].addressTypeDescriptor,/ed-fi/schools/addresses[0].stateAbbreviationDescriptor,/ed-fi/schools/addresses[0].city,/ed-fi/schools/addresses[0].postalCode,/ed-fi/schools/addresses[0].streetNumberName,/ed-fi/schools/addresses[0].localeDescriptor,/ed-fi/schools/addresses[0].apartmentRoomSuiteNumber,/ed-fi/schools/addresses[0].buildingSiteNumber,/ed-fi/schools/addresses[0].congressionalDistrict,/ed-fi/schools/addresses[0].countyFIPSCode,/ed-fi/schools/addresses[0].doNotPublishIndicator,/ed-fi/schools/addresses[0].latitude,/ed-fi/schools/addresses[0].longitude,/ed-fi/schools/addresses[0].nameOfCounty,/ed-fi/schools/addresses[0].periods[n].beginDate,/ed-fi/schools/addresses[0].periods[n].endDate,/ed-fi/schools/addresses[n].addressTypeDescriptor,/ed-fi/schools/addresses[n].stateAbbreviationDescriptor,/ed-fi/schools/addresses[n].city,/ed-fi/schools/addresses[n].postalCode,/ed-fi/schools/addresses[n].streetNumberName,/ed-fi/schools/addresses[n].localeDescriptor,/ed-fi/schools/addresses[n].apartmentRoomSuiteNumber,/ed-fi/schools/addresses[n].buildingSiteNumber,/ed-fi/schools/addresses[n].congressionalDistrict,/ed-fi/schools/addresses[n].countyFIPSCode,/ed-fi/schools/addresses[n].doNotPublishIndicator,/ed-fi/schools/addresses[n].latitude,/ed-fi/schools/addresses[n].longitude,/ed-fi/schools/addresses[n].nameOfCounty,/ed-fi/schools/addresses[n].periods[n].beginDate,/ed-fi/schools/addresses[n].periods[n].endDate,/ed-fi/schools/administrativeFundingControlDescriptor,/ed-fi/schools/charterApprovalAgencyTypeDescriptor,/ed-fi/schools/charterStatusDescriptor,/ed-fi/schools/identificationCodes[0].educationOrganizationIdentificationSystemDescriptor,/ed-fi/schools/identificationCodes[0].identificationCode,/ed-fi/schools/identificationCodes[1].educationOrganizationIdentificationSystemDescriptor,/ed-fi/schools/identificationCodes[1].identificationCode,/ed-fi/schools/identificationCodes[2].educationOrganizationIdentificationSystemDescriptor,/ed-fi/schools/identificationCodes[2].identificationCode,/ed-fi/schools/identificationCodes[3].educationOrganizationIdentificationSystemDescriptor,/ed-fi/schools/identificationCodes[3].identificationCode,/ed-fi/schools/identificationCodes[n].educationOrganizationIdentificationSystemDescriptor,/ed-fi/schools/identificationCodes[n].identificationCode,/ed-fi/schools/indicators[0].indicatorDescriptor,/ed-fi/schools/indicators[0].indicatorGroupDescriptor,/ed-fi/schools/indicators[0].indicatorLevelDescriptor,/ed-fi/schools/indicators[0].designatedBy,/ed-fi/schools/indicators[0].indicatorValue,/ed-fi/schools/indicators[0].periods[n].beginDate,/ed-fi/schools/indicators[0].periods[n].endDate,/ed-fi/schools/indicators[1].indicatorDescriptor,/ed-fi/schools/indicators[1].indicatorGroupDescriptor,/ed-fi/schools/indicators[1].indicatorLevelDescriptor,/ed-fi/schools/indicators[1].designatedBy,/ed-fi/schools/indicators[1].indicatorValue,/ed-fi/schools/indicators[1].periods[n].beginDate,/ed-fi/schools/indicators[1].periods[n].endDate,/ed-fi/schools/indicators[2].indicatorDescriptor,/ed-fi/schools/indicators[2].indicatorGroupDescriptor,/ed-fi/schools/indicators[2].indicatorLevelDescriptor,/ed-fi/schools/indicators[2].designatedBy,/ed-fi/schools/indicators[2].indicatorValue,/ed-fi/schools/indicators[2].periods[n].beginDate,/ed-fi/schools/indicators[2].periods[n].endDate,/ed-fi/schools/indicators[3].indicatorDescriptor,/ed-fi/schools/indicators[3].indicatorGroupDescriptor,/ed-fi/schools/indicators[3].indicatorLevelDescriptor,/ed-fi/schools/indicators[3].designatedBy,/ed-fi/schools/indicators[3].indicatorValue,/ed-fi/schools/indicators[3].periods[n].beginDate,/ed-fi/schools/indicators[3].periods[n].endDate,/ed-fi/schools/indicators[n].indicatorDescriptor,/ed-fi/schools/indicators[n].indicatorGroupDescriptor,/ed-fi/schools/indicators[n].indicatorLevelDescriptor,/ed-fi/schools/indicators[n].designatedBy,/ed-fi/schools/indicators[n].indicatorValue,/ed-fi/schools/indicators[n].periods[n].beginDate,/ed-fi/schools/indicators[n].periods[n].endDate,/ed-fi/schools/institutionTelephones[0].institutionTelephoneNumberTypeDescriptor,/ed-fi/schools/institutionTelephones[0].telephoneNumber,/ed-fi/schools/institutionTelephones[1].institutionTelephoneNumberTypeDescriptor,/ed-fi/schools/institutionTelephones[1].telephoneNumber,/ed-fi/schools/institutionTelephones[2].institutionTelephoneNumberTypeDescriptor,/ed-fi/schools/institutionTelephones[2].telephoneNumber,/ed-fi/schools/institutionTelephones[3].institutionTelephoneNumberTypeDescriptor,/ed-fi/schools/institutionTelephones[3].telephoneNumber,/ed-fi/schools/institutionTelephones[n].institutionTelephoneNumberTypeDescriptor,/ed-fi/schools/institutionTelephones[n].telephoneNumber,/ed-fi/schools/internetAccessDescriptor,/ed-fi/schools/magnetSpecialProgramEmphasisSchoolDescriptor,/ed-fi/schools/nameOfInstitution,/ed-fi/schools/operationalStatusDescriptor,/ed-fi/schools/schoolCategories[0].schoolCategoryDescriptor,/ed-fi/schools/schoolCategories[1].schoolCategoryDescriptor,/ed-fi/schools/schoolCategories[2].schoolCategoryDescriptor,/ed-fi/schools/schoolCategories[3].schoolCategoryDescriptor,/ed-fi/schools/schoolCategories[n].schoolCategoryDescriptor,/ed-fi/schools/schoolTypeDescriptor,/ed-fi/schools/shortNameOfInstitution,/ed-fi/schools/titleIPartASchoolDesignationDescriptor,/ed-fi/schools/webSite
2025,School,,,,,First grade,Second grade,Third grade,Fourth grade,Fifth grade,Sixth grade,Seventh grade,Eighth grade,,3700394,,255901,Physical,NC,Charlotte,28269,2515 Second Street,City-Large,,2,,,true,,,Merklenburg,1/22/2024,1/25/2025,,,,,,,,,,,,,,,,,Public School,Other,Not a Charter School,SEA,NC-260-308,NCES,370001100394,LEA,00394,,,,,,,,,,,,,,,,,,,,,,,,,,,,,,,,,,,,,,,,Main,(910)484-4157,Fax,(910)484-4155,,,,,,,High Speed,"Some, but not all, students participate",Charlotte Surrounding Academy,Active,Other Combination,Elementary School,Middle School,,,Regular,CSA,Title I Schoolwide School,http://www.csa.k12.nc.us/
2025,School,,,,,First grade,Second grade,Third grade,Fourth grade,Fifth grade,Kindergarten,Preschool/Prekindergarten,,,3700395,,255901,Physical,NC,Charlotte,28270,2516 Second Street,City-Large,,2,,,true,,,Merklenburg,1/22/2024,1/25/2025,,,,,,,,,,,,,,,,,Public School,Other,Not a Charter School,SEA,NC-260-309,NCES,370001100395,LEA,00395,,,,,,,,,,,,,,,,,,,,,,,,,,,,,,,,,,,,,,,,Main,(910)484-4158,Fax,(910)484-4156,,,,,,,High Speed,"Some, but not all, students participate",Charlotte Elementary,Active,Elementary School,,,,,Regular,CLTE,Title I Schoolwide School,http://www.clte.k12.nc.us/
2025,School,,,,,First grade,Second grade,Third grade,Fourth grade,Fifth grade,,,,,3700396,,255901,Physical,NC,Charlotte,28271,2517 Second Street,City-Large,,2,,,true,,,Merklenburg,1/22/2024,1/25/2025,,,,,,,,,,,,,,,,,Public School,Other,Not a Charter School,SEA,NC-260-310,NCES,370001100396,LEA,00396,,,,,,,,,,,,,,,,,,,,,,,,,,,,,,,,,,,,,,,,Main,(910)484-4159,Fax,(910)484-4157,,,,,,,High Speed,"Some, but not all, students participate",Ashley Elementary,Active,Elementary School,,,,,Regular,Ash,Title I Schoolwide School,http://www.ash.k12.nc.us/
2025,School,,,,,Sixth grade,Seventh grade,Eighth grade,,,,,,,3700397,,255901,Physical,NC,Charlotte,28272,2518 Second Street,City-Large,,2,,,true,,,Merklenburg,1/22/2024,1/25/2025,,,,,,,,,,,,,,,,,Public School,Other,Not a Charter School,SEA,NC-260-311,NCES,370001100397,LEA,00397,,,,,,,,,,,,,,,,,,,,,,,,,,,,,,,,,,,,,,,,Main,(910)484-4160,Fax,(910)484-4158,,,,,,,High Speed,"Some, but not all, students participate",South View Middle,Active,Middle School,,,,,Regular,SVM,Title I Schoolwide School,http://www.svm.k12.nc.us/
2025,School,,,,,Fifth grade,Sixth grade,Seventh grade,Eighth grade,,,,,,3700398,,255901,Physical,NC,Charlotte,28273,2519 Second Street,City-Large,,2,,,true,,,Merklenburg,1/22/2024,1/25/2025,,,,,,,,,,,,,,,,,Public School,Other,Not a Charter School,SEA,NC-260-312,NCES,370001100398,LEA,00398,,,,,,,,,,,,,,,,,,,,,,,,,,,,,,,,,,,,,,,,Main,(910)484-4161,Fax,(910)484-4159,,,,,,,High Speed,"Some, but not all, students participate",Charlotte Middle,Active,Middle School,,,,,Regular,CLTM,Title I Schoolwide School,http://www.cltm.k12.nc.us/
2025,School,,,,,Ungraded,,,,,,,,,3700399,,255901,Physical,NC,Charlotte,28274,2520 Second Street,City-Large,,2,,,true,,,Merklenburg,1/22/2024,1/25/2025,,,,,,,,,,,,,,,,,Public School,Other,Not a Charter School,SEA,NC-260-313,NCES,370001100399,LEA,00399,,,,,,,,,,,,,,,,,,,,,,,,,,,,,,,,,,,,,,,,Main,(910)484-4162,Fax,(910)484-4160,,,,,,,High Speed,"Some, but not all, students participate",Cornerstone Academy,Active,Ungraded,,,,,Regular,Stone,Title I Schoolwide School,http://www.stone.k12.nc.us/
2025,School,,,,,Ninth grade,Tenth grade,Eleventh grade,Twelfth grade,,,,,,3700400,,255901,Physical,NC,Charlotte,28275,2521 Second Street,City-Large,,2,,,true,,,Merklenburg,1/22/2024,1/25/2025,,,,,,,,,,,,,,,,,Public School,Other,Not a Charter School,SEA,NC-260-314,NCES,370001100400,LEA,00400,,,,,,,,,,,,,,,,,,,,,,,,,,,,,,,,,,,,,,,,Main,(910)484-4163,Fax,(910)484-4161,,,,,,,High Speed,"Some, but not all, students participate",Seventy-First High,Active,High School,,,,,Regular,71,Title I Schoolwide School,http://www.71.k12.nc.us/
2025,School,,,,,Ninth grade,Tenth grade,Eleventh grade,Twelfth grade,Grade 13,,,,,3700401,,255901,Physical,NC,Charlotte,28276,2522 Second Street,City-Large,,2,,,true,,,Merklenburg,1/22/2024,1/25/2025,,,,,,,,,,,,,,,,,Public School,Other,Not a Charter School,SEA,NC-260-315,NCES,370001100401,LEA,00401,,,,,,,,,,,,,,,,,,,,,,,,,,,,,,,,,,,,,,,,Main,(910)484-4164,Fax,(910)484-4162,,,,,,,High Speed,"Some, but not all, students participate",South View High,Active,High School,,,,,Regular,SVH,Title I Schoolwide School,http://www.svh.k12.nc.us/
2025,School,,,,,Kindergarten,Preschool/Prekindergarten,,,,,,,,3700402,,255901,Physical,NC,Charlotte,28277,2523 Second Street,City-Large,,2,,,true,,,Merklenburg,1/22/2024,1/25/2025,,,,,,,,,,,,,,,,,Public School,Other,Not a Charter School,SEA,NC-260-316,NCES,370001100402,LEA,00402,,,,,,,,,,,,,,,,,,,,,,,,,,,,,,,,,,,,,,,,Main,(910)484-4165,Fax,(910)484-4163,,,,,,,High Speed,"Some, but not all, students participate",Beaver Dam Preschool,Active,Infant/toddler School,,,,,Regular,BDP,Title I Schoolwide School,http://www.bdp.k12.nc.us/
